Book Id;Titel;Autor;Themen
198672178;Die Reichsbürger;Christoph Schönberger;politik, gesellschaft
170448;Animal Farm;George Orwell;klassiker, politik
241504373;Gouged;Lindsay Owens;wirtschaft
199809440;Supremacy;Parmy Olson;ki, business
251390324;Nicht mit uns!;Heike Specht;feminismus, geschichte
230605385;Meine Familie, die AfD und ich;Leonie Plaar;politik, biografie
202757;First Contact;Bob Connolly;anthropologie, geschichte
201269395;Growth;Daniel Susskind;wirtschaft
241501288;How to Win Friends and Influence People;Dale Carnegie;ratgeber
53512231;Better Small Talk;Patrick King;ratgeber
216950465;How Migration Really Works;Hein de Haas;gesellschaft, politik
12038268;Illicit Flirtations;Rhacel Salazar Parreñas;gesellschaft, anthropologie, feminismus
245689613;Situated;Angela Duckworth;psychologie, ratgeber
50830162;Ein Jahr im Mittelalter;Tillmann Bendikowski;geschichte
243194450;Niemannsland;Megha Mohan;feminismus, anthropologie
251870202;Every Screen on the Planet;Emily Baker-White;ki, business
253173786;Cyberpunk;Asma Mhalla;ki, politik
241405860;Sprachmaschinen;Roberto Simanowski;ki, philosophie
251403889;Natürliche Intelligenz und Bewusstsein in Zeiten von KI (German Edition);António Damásio;psychologie, ki
231485682;Die Vierte Kränkung;Rüdiger Safranski;ki, philosophie
70856466;Rule of the Robots;Martin Ford;ki, wirtschaft
53733100;Mutualism;Sara Horowitz;wirtschaft, gesellschaft
243536086;Affenliebe (German Edition);Lara Rüter;natur, biografie
61341277;Das narrative Gehirn;Fritz Breithaupt;psychologie, anthropologie
62891448;Miss Kim weiß Bescheid;Cho Nam-Joo;roman, feminismus
19180659;Geben und Nehmen;Adam M. Grant;psychologie, business
25848382;Being Mortal;Atul Gawande;medizin
41881472;The Psychology of Money;Morgan Housel;wirtschaft, ratgeber
241598007;Asterix in Lusitanien;Fabcaro;comic, humor
52036;Siddhartha;Hermann Hesse;klassiker, philosophie
228449798;Friktionen;Anna Lowenhaupt Tsing;anthropologie
224585458;Everybody Loves Our Dollars;Oliver Bullough;wirtschaft, politik
217081822;Nexus;Yuval Noah Harari;ki, geschichte
219467820;Underdogs;Joel Budd;gesellschaft, politik
220395156;Ocean;David Attenborough;natur
396931;The Origins of Totalitarianism;Hannah Arendt;politik, geschichte, philosophie
40536236;Sea People;Christina Thompson;anthropologie, geschichte
6004393;The Rise and Fall of Communism;Archie Brown;geschichte, politik
58186331;Wir konnten auch anders;Annette Kehnel;geschichte, natur
242438369;Braver New World;John Kampfner;politik, welt
251878646;Animate;Michael Bond;natur, psychologie
236844357;Herlands;Megha Mohan;feminismus, anthropologie
95558;Solaris;Stanisław Lem;scifi, klassiker
200158232;Private Revolutions;Yuan Yang;welt, feminismus, gesellschaft
239925198;Fight Oligarchy;Bernie Sanders;politik, wirtschaft
237778956;Make Life Happier;Dr Mark Williamson;ratgeber
31920777;American Kingpin;Nick Bilton;ki, sachbuch
18656827;Hatching Twitter;Nick Bilton;ki, business
29100334;Competing Against Luck;Clayton M. Christensen;business
171681821;The Anxious Generation;Jonathan Haidt;psychologie, gesellschaft, ki
827;The Diamond Age;Neal Stephenson;scifi
228818791;Careless People;Sarah Wynn-Williams;ki, biografie, business
97459432;Ein Hof und elf Geschwister;Ewald Frie;geschichte, gesellschaft
1328803;Der alte Mann und das Meer;Ernest Hemingway;klassiker, roman
59425363;Dschinns;Fatma Aydemir;roman
52717646;Muster;Armin Nassehi;gesellschaft, ki
50312078;Milchmann;Anna Burns;roman
51338673;Was wir sind;Anna Hope;roman
63886925;‎22 Bahnen;Caroline Wahl;roman
59903149;Strong Female Character;Fern  Brady;biografie, feminismus
220930766;Witches, Bitches, It-Girls;Rebekka Endler;feminismus
202100820;Vom Tellerwäscher zum Tellerwäscher;Ciani-Sophia Hoeder;gesellschaft, wirtschaft
209176;The Wealth and Poverty of Nations;David S. Landes;wirtschaft, geschichte
74514870;Nie mehr leise;Betiel Berhe;gesellschaft
217387741;Proto;Laura Spinney;anthropologie, geschichte
220514514;Unverdiente Ungleichheit;Martyna Linartas;gesellschaft, wirtschaft
34466958;Bullshit Jobs;David Graeber;wirtschaft, gesellschaft
243269301;I Deliver Parcels in Beijing;Hu Anyan;welt, biografie, gesellschaft
228674765;Organisch;Giulia Enders;medizin
231009528;Klasse;Hanno Sauer;gesellschaft, philosophie
43969859;Coming Out as Dalit;Yashica Dutt;biografie, gesellschaft, welt
54493401;Project Hail Mary;Andy Weir;scifi
55834180;Eurotrash;Christian Kracht;roman
51152447;Caste;Isabel Wilkerson;gesellschaft, geschichte
61439040;1984;George Orwell;klassiker, scifi
231418404;Das gelbe Haus;Mieko Kawakami;roman
220282858;Sohn ohne Vater;Feridun Zaimoglu;roman
188543465;The Trading Game;Gary  Stevenson;biografie, wirtschaft
203746167;Less;Patrick Grant;wirtschaft, gesellschaft
57981;The End of History and the Last Man;Francis Fukuyama;politik, philosophie
50489349;The Alignment Problem;Brian  Christian;ki
200206308;Playing with Reality;Kelly  Clancy;sachbuch, ki
36012897;When They Go Low, We Go High;Philip Collins;politik, geschichte
112976320;How Infrastructure Works;Deb Chachra;wissenschaft, gesellschaft
123001257;Extinctions;Michael J. Benton;natur, wissenschaft
125084292;A City on Mars;Kelly Weinersmith;wissenschaft
127280328;Alien Earths;Lisa Kaltenegger;wissenschaft
119055836;Die Insel. Ein Bericht vom Ausnahmezustand an den Rändern Europas (German Edition);Franziska Grillmeier;welt, gesellschaft, politik
208840291;The Serviceberry;Robin Wall Kimmerer;natur, wirtschaft
103234662;Russland – Ukrainekrieg und Weltmachtträume (German Edition);Manfred Quiring;politik, welt
23079;Der Name der Rose;Umberto Eco;historisch, krimi
25111328;438 Days;Jonathan  Franklin;welt, biografie
195095434;Das doppelte Deutschland;Ursula Weidenfeld;geschichte, politik
52578297;The Midnight Library;Matt Haig;roman, fantasy
210715525;Die Achse der Autokraten. Korruption, Kontrolle, Propaganda;Anne Applebaum;politik, welt
218578070;Demokratie Neu Denken;Andrea Römmele;politik
231260241;UNIversal gescheitert?;Lisa Niendorf;gesellschaft
221094704;Das stille Sterben der Natur;Matthias Glaubrecht;natur
60880224;Queergestreift;Kathrin Köller;feminismus
201384481;Alles überall auf einmal;Miriam Meckel;ki
214617676;After Woke;Jens Balzer;politik, gesellschaft
198672144;Homo destructor;Werner Bätzing;natur, geschichte
231710448;Das kann doch jemand anderes machen!;Sara Weber;ki, wirtschaft
40407320;Biased;Jennifer L. Eberhardt;psychologie, gesellschaft
85135638;Wavewalker;Suzanne Heywood;biografie
60557026;The Capital Order;Clara E. Mattei;wirtschaft, geschichte, politik
25510906;The Mushroom at the End of the World;Anna Lowenhaupt Tsing;anthropologie, natur
32920977;Arts of Living on a Damaged Planet;Anna Lowenhaupt Tsing;anthropologie, natur
53314912;Der Abiturbetrug;Katja Koch;gesellschaft, politik
129192097;Systemsturz;Kōhei Saitō;wirtschaft, natur
75503353;Die Sprache der Wale;Tom Mustill;natur
141318070;Gegen Frauenhass;Christina Clemm;feminismus
43697017;Roter Hunger;Anne Applebaum;geschichte
36156490;Fremd in ihrem Land;Arlie Russell Hochschild;politik, gesellschaft, welt
220161058;Apple in China;Patrick  McGee;business, welt, ki
217533264;Not the End of the World;Hannah Ritchie;natur
50243029;Sprache und Sein;Kübra Gümüşay;gesellschaft, anthropologie
199211943;Triggerpunkte. Konsens und Konflikt in der Gegenwartsgesellschaft;Steffen Mau;gesellschaft, politik
127280527;Big Ideas, Little Pictures;Jono Hey;sachbuch
134672450;The Gender of Capital;Céline Bessière;feminismus, wirtschaft, gesellschaft
231272435;Wie wir Patienten zum Lügen bringen;Daniel Silberbauer;medizin
216886480;Das große Spiel;Richard Powers;roman
20887442;Im Land des Flüsterns;Barbara Demick;welt
31694939;Kein Kapitalismus ist auch keine Lösung;Ulrike Herrmann;wirtschaft
210842035;Jedes fünfte Kind;Catrin Boldebuck;gesellschaft
200239566;Wir von unten;Natalya Nepomnyashcha;gesellschaft
211112966;Fakten sind auch nur Meinungen;Jens Foell;wissenschaft, psychologie
39313806;Ein Kunstkabinett. Geschichte eines Gemäldes;Georges Perec;roman
33154385;Atomic Habits;James Clear;ratgeber
125083585;Baustellen der Nation;Philip Banse;politik
75569071;Das Ende der Ehe;Emilia Roig;feminismus
56646968;Es geht nur gemeinsam!;Jutta Allmendinger;feminismus
57116558;Das Patriarchat der Dinge;Rebekka Endler;feminismus
44767468;She Said;Jodi Kantor;feminismus, gesellschaft
59663954;Iran – die Freiheit ist weiblich;Golineh Atais;welt, feminismus, politik
37936437;Frauen dürfen hier nicht träumen;Rana Ahmad;biografie, feminismus, welt
48637212;Lebenswerk;Rachel Cusk;biografie, feminismus
23301805;We Should All Be Feminists;Chimamanda Ngozi Adichie;feminismus
61956431;Dramaqueen;Tara-Louise Wittwer;feminismus
298610;Families We Choose;Kath Weston;anthropologie, feminismus
55145261;The Anthropocene Reviewed;John  Green;sachbuch
117503798;Pig Business;Rudolf Buntzel;natur, wirtschaft
24800;House of Leaves;Mark Z. Danielewski;horror, roman
60139151;Europa, Demokratie, Verfassungsgerichte;Andreas Voßkuhle;politik
210808111;Jura Not Alone;Nora Markard;gesellschaft, politik
217477469;Im Namen der Tiere;Olivier Beemen;welt, natur, politik
201862474;Windstärke 17;Caroline Wahl;roman
200088839;Zukunftswelten;Patrick Cramer;wissenschaft
62869742;Earth for All;Sandrine Dixson-Declѐve;natur, wirtschaft
13545120;Noble Savages;Napoleon A. Chagnon;anthropologie, biografie
52884091;The Narrow Corridor;Daron Acemoğlu;politik, wirtschaft, geschichte
48635421;Survival of the Friendliest;Brian Hare;anthropologie, psychologie
201673223;Automated Democracy;Christian R. Ulbrich;ki, politik
218533458;Defekte Debatten;Julia Reuschenbach;gesellschaft, politik
60867826;Die Welt geht unter, und ich muss trotzdem arbeiten?;Sara Weber;wirtschaft, gesellschaft
201466563;Beklaute Frauen;Leonie Schöler;feminismus, geschichte
60049869;Fake History;Jo Hedwig Teeuwisse;geschichte
99437048;Der Kalte Krieg der Generationen;Johannes Pantel;gesellschaft, politik
41820;Pebble in the Sky;Isaac Asimov;scifi
198619356;Über Kriege und wie man sie beendet;Jörn Leonhard;politik, geschichte
210152826;Der AfD-Komplex;Marcus Bensmann;politik
88847719;Ware Mensch. Der Skandal des modernen Sklavenhandels.;Pino Arlacchi;gesellschaft, welt
17465709;Braiding Sweetgrass;Robin Wall Kimmerer;natur, anthropologie
32864633;Autorität und Verantwortung;Paul Verhaeghe;psychologie, gesellschaft
6444492;A Paradise Built in Hell;Rebecca Solnit;gesellschaft
28048;Hope in the Dark;Rebecca Solnit;politik
2229106;Das Schwein und der Wolkenkratzer;Marco D'Eramo;geschichte, gesellschaft, wirtschaft
46015951;Humanocracy;Gary Hamel;business
123735407;Shitmoves;Iris Gavric;ratgeber, psychologie
62315566;Power and Progress;Daron Acemoğlu;wirtschaft, ki, geschichte
125650166;Geschichten aus der Geschichte;Richard Hemmer;geschichte
41962953;Pirates;Peter Lehr;geschichte
29756276;Das sechste Sterben;Elizabeth Kolbert;natur
56163421;Was uns zu Menschen macht;Frank Westerman;anthropologie
39999461;Never Enough;Judith Grisel;medizin, psychologie
101255;On Food and Cooking;Harold McGee;wissenschaft, sachbuch
23002509;Die Abwicklung;George Packer;politik, gesellschaft, welt
120418;Der Tipping Point;Malcolm Gladwell;psychologie, gesellschaft
1839458;Gespensterjäger in der Gruselburg;Cornelia Funke;jugend
29096696;Gespensterjäger in großer Gefahr;Cornelia Funke;jugend
2706003;Gespensterjäger im Feuerspuk;Cornelia Funke;jugend
16154810;Gespensterjäger auf eisiger Spur;Cornelia Funke;jugend
52269471;Mindf*ck;Christopher Wylie;ki, politik
50811539;Die Datendiktatur – Wie Wahlen manipuliert werden (German Edition);Brittany Kaiser;ki, politik
128683422;Die KI war’s!;Katharina Zweig;ki
333832;How to Do Things with Words;J.L. Austin;philosophie, anthropologie
22237141;The Blizzard;Vladimir Sorokin;roman
90590043;Auf die Väter kommt es an;Lieselotte Ahnert;psychologie, ratgeber
85968884;Afrika ist kein Land;Dipo Faloyin;welt
46674;Feeling Good;David D. Burns;ratgeber, psychologie
83173454;Kirmes im Kopf;Angelina Boerger;biografie, medizin
59754830;Vor dem Gesetz sind nicht alle gleich;Ronen Steinke;gesellschaft, politik
57655494;Teilen und Haben;Franca Parianen;gesellschaft, wirtschaft
32247029;Neben uns die Sintflut. Die Externalisierungsgesellschaft und ihr Preis;Stephan Lessenich;gesellschaft, wirtschaft
61041614;Der Codebreaker;Walter Isaacson;wissenschaft, biografie
30824350;Kultur der Digitalität;Felix Stalder;ki, gesellschaft
28680458;Symbolische Maschinen. Die Idee der Formalisierung in geschichtlichen Abriss;Sybille Krämer;philosophie, wissenschaft
28110891;Atlas Obscura;Joshua Foer;welt, sachbuch
61329;Crossing the Chasm;Geoffrey A. Moore;business
60784614;Cobalt Red;Siddharth Kara;welt, wirtschaft
75494215;Eve;Cat Bohannon;anthropologie, feminismus, wissenschaft
61358638;Poverty, by America;Matthew Desmond;gesellschaft, wirtschaft
122276016;Und ihr denkt, es ist alles in Ordnung?;Meddi Müller;gesellschaft, biografie
108334557;Die große Vertrauenskrise;Sascha Lobo;gesellschaft
57756446;Kopf, Hand, Herz – Das neue Ringen um Status;David Goodhart;gesellschaft, wirtschaft
34340766;Die ungleiche Welt;Branko Milanović;wirtschaft, gesellschaft
34014218;White Working Class;Joan C. Williams;gesellschaft, politik
11346470;Connectome;Sebastian Seung;wissenschaft, psychologie
59883574;Platonic;Marisa G. Franco;psychologie, ratgeber
61685822;Monsters;Claire Dederer;sachbuch
61358639;Saving Time;Jenny Odell;gesellschaft, philosophie
21401526;Dark Emu;Bruce Pascoe;geschichte, anthropologie
125083265;Vatermal;Necati Öziri;roman
45046527;American Dirt;Jeanine Cummins;roman
50713822;Extraordinary Insects;Anne Sverdrup-Thygeson;natur
61985630;Der Unterschied;Frans de Waal;anthropologie, feminismus, natur
1272890;Es geht uns gut;Arno Geiger;roman
62071801;Urwelten;Thomas Halliday;natur, wissenschaft
43453738;The Source;Tara Swart;ratgeber, psychologie
45895623;Prime Suspects;Andrew Granville;wissenschaft, comic
63328501;Behinderung & Ableismus;Andrea Schöne;gesellschaft
419198;Wisdom from a Rainforest;Stuart A. Schlegel;anthropologie
58481100;Wir Klimawandler. Wie der Mensch die Natur der Zukunft erschafft;Elizabeth Kolbert;natur
3471500;Der Gotteswahn;Richard Dawkins;philosophie, wissenschaft
42450172;All die glücklichen Familien;Hervé Le Tellier;biografie
53052177;Cynical Theories;Helen Pluckrose;gesellschaft, politik, philosophie
57131403;Die Öffentlichkeit und ihre Feinde;Bernd Stegemann;gesellschaft, politik
33312081;Die drei Sonnen;Liu Cixin;scifi
42104823;Weimar 1918-1933;Heinrich August Winkler;geschichte, politik
189989;Finite and Infinite Games;James P. Carse;philosophie
43726589;People, Power, and Profits;Joseph E. Stiglitz;wirtschaft, politik
26532330;思维的乐趣;Wang Xiaobo;philosophie
61108472;Palo Alto;Malcolm   Harris;geschichte, ki, wirtschaft
48997582;Midnight's Machines;Arun Mohan Sukumar;geschichte, ki, welt
61468024;Africa 2.0;Russell Southwood;welt, ki
51733706;Afterparties;Anthony Veasna So;roman
31937436;Phishing for Fools;George A. Akerlof;wirtschaft, psychologie
22722125;Wenn Sprachen Sterben;Nicholas D.  Evans;anthropologie
402075;How Can I Get Through to You?;Terrence Real;ratgeber, psychologie
44526650;Crisis in the Red Zone;Richard   Preston;medizin
34146147;Climate Leviathan;Joel Wainwright;natur, politik
63217738;Noch wach?;Benjamin von Stuckrad-Barre;roman
53491553;Shutdown;Adam Tooze;wirtschaft, politik
52109639;Gender Verification and the Making of the Female Body in Sport;Sonja Erikainen;feminismus, geschichte
9303596;The Globalization Paradox;Dani Rodrik;wirtschaft, politik
38914131;The People’s Republic of Walmart;Leigh Phillips;wirtschaft, politik
6224826;Juliet, Naked;Nick Hornby;roman
8846471;Schuld;Ferdinand von Schirach;krimi, roman
15843183;Why Growth Matters;Jagdish N. Bhagwati;wirtschaft, welt
44080152;Die Rettung der Arbeit;Lisa Herzog;wirtschaft, philosophie
30083000;Das Ende der Demokratie;Yvonne Hofstetter;ki, politik
35356384;How Democracies Die;Steven Levitsky;politik
54413803;Die verschwindende Hälfte;Brit Bennett;roman
57463774;An das Wilde glauben;Nastassja Martin;biografie, anthropologie
7799004;Merchants of Doubt;Naomi Oreskes;wissenschaft, politik, natur
52716724;Beyond;Stephen Walker;geschichte, wissenschaft
168760;Shockwave;Stephen Walker;geschichte
44018325;Die allerseltsamsten Orte der Welt;Alastair Bonnett;welt
1165422;Imaginary Futures;Richard Barbrook;ki, geschichte
111224128;Der Osten;Dirk Oschmann;gesellschaft, politik
59251454;Erzählende Affen - Mythen, Lügen, Utopien;Samira El Ouassil;anthropologie, gesellschaft
18594475;Don't Even Think About It;George  Marshall;natur, psychologie
55848520;Female Choice - Vom Anfang und Ende der männlichen Zivilisation;Meike Stoverock;feminismus, anthropologie
16197150;Angry White Men;Michael S. Kimmel;feminismus, gesellschaft, politik
55847567;Incels Geschichte, Sprache und Ideologie eines Online-Kults;Veronika Kracher;feminismus, ki, gesellschaft
4480180;Misogynie;Jack Holland;feminismus, geschichte
122050746;In der Warteschlange;Klaus Dorre;politik, gesellschaft
35171984;Fantasyland;Kurt Andersen;geschichte, politik
36461474;Gebrandmarkt;Ibram X. Kendi;gesellschaft, geschichte
7821348;Reality is Broken;Jane McGonigal;ki, psychologie
68321;Reading Images;Gunther Kress;sachbuch, anthropologie
48717533;Das Ende der Illusionen;Andreas Reckwitz;gesellschaft, politik
3269568;Inventing Human Rights;Lynn Hunt;geschichte, politik
52767659;The End of Everything (Astrophysically Speaking);Katie  Mack;wissenschaft
59538326;Im Wald vor lauter Bäumen;Dirk Brockmann;wissenschaft
5597902;Complexity;Melanie  Mitchell;wissenschaft
783559;ORIGINS OF ORDER;Stuart A. Kauffman;wissenschaft
60637598;The Rise and Reign of the Mammals;Steve Brusatte;natur, wissenschaft
58139799;Unter Mitprimaten;Volker Sommer;natur, anthropologie
56269264;The Dawn of Everything;David Graeber;anthropologie, geschichte
90080001;Zusammenwachsen;Musa Deli;gesellschaft
55643287;How the Word Is Passed;Clint   Smith;geschichte, gesellschaft
60190659;What If? 2;Randall Munroe;wissenschaft, humor
45734815;README.txt;Chelsea Manning;biografie, ki, politik
25054981;Ausgerechnet Kabul;Ronja von Wurmb-Seibel;welt
59575939;An Immense World;Ed Yong;natur
113576;The Smartest Guys in the Room;Bethany McLean;business, wirtschaft
58924370;In 20 Sprachen um die Welt. Die größten Sprachen und was sie so besonders macht.;Gaston Dorren;anthropologie
55838776;The Future of Health;Roberto Ascione;medizin, ki
7606552;Das war ich nicht;Kristof Magnusson;roman
41821433;Bad Bank;Dirk Laabs;wirtschaft, business
670089;The Fourth Turning;William Strauss;geschichte, politik
33600;Shantaram;Gregory David Roberts;roman
86154;The Mystery of Capital;Hernando de  Soto;wirtschaft
37868583;The Prosperity Paradox;Clayton M. Christensen;wirtschaft, business
56887210;Von hier an anders;Robert Habeck;politik
60149558;Visual Thinking;Temple Grandin;psychologie
59148726;Rogues;Patrick Radden Keefe;sachbuch, welt
127230;On Violence;Hannah Arendt;politik, philosophie
32446555;The Road to Somewhere;David Goodhart;politik, gesellschaft
768233;Cities and the Creative Class;Richard Florida;gesellschaft, wirtschaft
1719975;The Concept of Representation;Hanna Fenichel Pitkin;politik, philosophie
55880591;Die Gesellschaft der Anderen;Naika Foroutan;gesellschaft
39281380;Ich und die Anderen;Isolde Charim;gesellschaft
24025606;Die granulare Gesellschaft;Christoph Kucklick;ki, gesellschaft
13763042;Why Love Hurts;Eva Illouz;gesellschaft, psychologie
1914351;Warten bis der Frieden kommt;Judith Kerr;jugend
1619672;Als Hitler das rosa Kaninchen stahl;Judith Kerr;jugend
62066544;Fremd;Michel Friedman;biografie, gesellschaft
12197078;Der Westen und der Rest der Welt;Niall Ferguson;geschichte
59073290;Klick;Gerd Gigerenzer;ki, psychologie
51494554;Relativ real;Donald D. Hoffman;psychologie, philosophie
22331913;Thinking Big;Clive Gamble;anthropologie, psychologie
52969705;(Ent-)Demokratisierung der Demokratie;Philip Manow;politik
48711337;Das Licht, das erlosch;Ivan Krastev;politik
36528182;Die Gesellschaft der Singularitäten;Andreas Reckwitz;gesellschaft
23768218;Die Abstiegsgesellschaft;Oliver Nachtwey;gesellschaft, wirtschaft
49681974;Die falschen Freunde der einfachen Leute;Robert Misik;politik, gesellschaft
50540041;Mythos Bildung;Aladin El-Mafaalani;gesellschaft
53265108;Fake Facts;Katharina Nocun;politik, psychologie
53296535;Weißt du, was ich meine?;Nura Habib Omer;biografie
58297471;How to Stand Up to a Dictator;Maria Ressa;politik, biografie
29229520;Bürokratie;David Graeber;gesellschaft, politik
52590772;Youth to Power;Jamie Margolin;politik
62626657;Jenseits von Europa;Sophia Bogner;welt, wirtschaft
55239039;Prinzip Mensch;Paul Nemitz;ki, politik
44135420;Team Topologies;Matthew    Skelton;business, ki
477;The Collapse of Complex Societies;Joseph A. Tainter;geschichte, anthropologie
62342324;Das Ende des Kapitalismus;Ulrike Herrmann;wirtschaft, natur
52962238;Principles for Dealing with the Changing World Order;Ray Dalio;wirtschaft, geschichte, politik
62106769;Alle_Zeit;Teresa Bücker;feminismus, gesellschaft
26195941;The Age of Surveillance Capitalism;Shoshana Zuboff;ki, wirtschaft
238558;A New Kind of Science;Stephen Wolfram;wissenschaft
60474835;Ihr macht uns krank;Martin Rücker;medizin, politik
53108674;Wir sind das Klima!;Jonathan Safran Foer;natur
56913180;Survival of the City;Edward L. Glaeser;gesellschaft, wirtschaft
1458406;The Gift Relationship;Richard Morris Titmuss;gesellschaft, medizin
40576605;Amazon;Natalie Berg;business
62683567;Die Altenrepublik. Wie der demographische Wandel unsere Zukunft gefährdet;Stefan  Schulz;gesellschaft, politik
57237811;Working Class;Julia Friedrichs;gesellschaft, wirtschaft
56043779;Die Natur der Zukunft;Bernhard Kegel;natur
59971523;China Protokolle;Sayragul Sauytbay;welt, politik
2343884;Ohne uns geht es nicht. Ein Jahr bei Frauen in Indonesien;Maria Blechmann-Antweiler;anthropologie, feminismus, welt
61109614;Gefährlicher Glaube;Pia Lamberty;gesellschaft, philosophie
15825243;Digitale Demenz. Wie wir uns und unsere Kinder um den Verstand bringen;Manfred Spitzer;ki, psychologie
38255329;How Fascism Works;Jason F. Stanley;politik
56895557;Influencer. Die Ideologie der Werbekörper;Ole Nymoen;ki, gesellschaft
58093287;Die Macht der Plattformen;Michael Seemann;ki, politik
23198112;Die Null-Grenzkosten-Gesellschaft;Jeremy Rifkin;wirtschaft, ki
39709248;Integration;Hamed Abdel-Samad;gesellschaft, politik
8694228;Deutschland schafft sich ab;Thilo Sarrazin;politik, gesellschaft
60002498;Unser gutes Recht;Bijan Moini;gesellschaft, politik
35631386;The Undoing Project;Michael   Lewis;psychologie, biografie
44512537;Growth;Vaclav Smil;wissenschaft, wirtschaft
55775555;Das Gesetz der Ansteckung;Adam Kucharski;wissenschaft, medizin
60210023;Autokorrektur – Mobilität für eine lebenswerte Welt;Katja Diehl;gesellschaft, natur
57018881;Das Stigma psychischer Erkrankung;Nicolas Rüsch;medizin, psychologie, gesellschaft
59532061;Du darfst nicht alles glauben, was du denkst;Kurt Krömer;biografie, medizin
41681;The Jungle;Upton Sinclair;klassiker, roman
1210177;Das Harvard-Konzept;Roger Fisher;business, ratgeber
7445;The Glass Castle;Jeannette Walls;biografie
1443814;Die Satanischen Verse;Salman Rushdie;roman
22013494;Der islamische Faschismus;Hamed Abdel-Samad;politik, philosophie
61238079;Weltgeschichte der Flüsse. Wie mächtige Ströme Reiche schufen, Kulturen zerstörten und unsere Zivilisation prägen;Laurence C. Smith;geschichte, natur
12153208;Heimat Mensch. Was uns alle verbindet;Christoph Antweiler;anthropologie
51777543;Data Feminism;Catherine D’Ignazio;feminismus, ki
50711693;Der blaue Diamant;Maurice Leblanc;krimi, klassiker
53970515;Und auf einmal diese Stille;Garrett M. Graff;geschichte
41061652;The Social Leap;William Von Hippel;anthropologie, psychologie
59595260;Die Cum-Ex-Files;Oliver Schröm;wirtschaft, politik
59593789;Hybris;Johannes Krause;anthropologie, geschichte
43565368;Good Habits, Bad Habits;Wendy Wood;psychologie, ratgeber
116203;Hiroshima Diary;Michihiko Hachiya;geschichte, biografie
44585853;Die aufgeregte Gesellschaft;Philipp Hübl;psychologie, gesellschaft, philosophie
7723797;Business Model Generation;Alexander Osterwalder;business
54161;Among the Believers;V.S. Naipaul;welt, philosophie
44526005;Why Trust Science? (The University Center for Human Values Series);Naomi Oreskes;wissenschaft, philosophie
39088545;The Formula;Albert-László Barabási;wissenschaft, psychologie
51710349;The WEIRDest People in the World;Joseph Henrich;anthropologie, psychologie, geschichte
9897152;Triumph of the City;Edward L. Glaeser;gesellschaft, wirtschaft
13252534;Pretotype It;Alberto Savoia;business
97642;No More Mr. Nice Guy;Robert A. Glover;ratgeber
368593;The 4-Hour Workweek;Timothy Ferriss;ratgeber, business
52648803;Tell me!;Thomas Pyczak;business, ratgeber
52283963;The Mom Test;Rob  Fitzpatrick;business
58444998;Ist es nicht schön hier;Te-Ping Chen;roman, welt
52219273;How Innovation Works;Matt Ridley;wirtschaft, wissenschaft
32758901;All Systems Red;Martha Wells;scifi
6617037;Debt;David Graeber;wirtschaft, geschichte, anthropologie
60552141;Entmenschlicht - Warum wir Prostitution abschaffen müssen;Huschke Mau;feminismus, gesellschaft
9526434;Die Gemeinwohl-Ökonomie. Das Wirtschaftsmodell der Zukunft;Christian Felber;wirtschaft
17676008;Was man für Geld nicht kaufen kann;Michael J. Sandel;philosophie, wirtschaft
54646323;Material Girls;Kathleen Stock;feminismus, philosophie
57965553;Deutschland 2050;Nick Reimer;natur
58885013;Projekt Lightspeed;Joe Miller;medizin, wissenschaft, business
5430624;The Long Thaw;David  Archer;natur, wissenschaft
60008115;Die Wurzeln des Menschen;Patrick Roberts;natur, anthropologie
56753276;Urban Warfare in the Twenty-First Century;Anthony    King;politik
34921573;Lost Connections;Johann Hari;medizin, psychologie
30109969;Das trügerische Gedächtnis;Julia  Shaw;psychologie
182444;Making Monsters;Richard Ofshe;psychologie
56593439;Radikale Zärtlichkeit. Warum Liebe politisch ist;Şeyda Kurt;feminismus, philosophie
35099718;So You Want to Talk About Race;Ijeoma Oluo;gesellschaft
4477;Complications;Atul Gawande;medizin
188891;No Apparent Danger;Victoria   Bruce;wissenschaft
270329;Introduction to Quantitative Genetics;D.S. Falconer;wissenschaft
380336;The Ecological Detective;Ray Hilborn;wissenschaft, natur
205582;In Search of Respect;Philippe Bourgois;anthropologie, gesellschaft
18197267;Don't Make Me Think, Revisited;Steve Krug;ki, business
354421;Sync;Steven H. Strogatz;wissenschaft
34459;Metaphors We Live By;George Lakoff;anthropologie, philosophie
583766;An Introduction to General Systems Thinking (Silver Anniversary Edition);Gerald M. Weinberg;wissenschaft
20186;Seeing Like a State;James C. Scott;politik, anthropologie, geschichte
1132176;Rennschwein Rudi Rüssel;Uwe Timm;jugend
8375463;Der Ring des Salomo;Jonathan Stroud;fantasy, jugend
8041361;Die Pforte des Magiers;Jonathan Stroud;fantasy, jugend
6481821;Das Auge des Golem;Jonathan Stroud;fantasy, jugend
1664663;Charlie und die Schokoladenfabrik / Charlie und der große gläserne Fahrstuhl;Roald Dahl;jugend
1351903;Charlie und die Schokoladenfabrik;Roald Dahl;jugend
631443;James und der Riesenpfirsch;Roald Dahl;jugend
759083;Die Welle;Morton Rhue;jugend, roman
56620811;The Age of AI and Our Human Future;Henry Kissinger;ki, politik
43345615;The Outlaw Ocean;Ian Urbina;welt, natur
56083074;Menschwerdung eines Affen. Eine Autobiografie der ethnografischen Forschung;Heike Behrend;anthropologie, biografie
6929509;Priceless;William Poundstone;psychologie, wirtschaft
15854713;The Essential Deming;W. Edwards Deming;business
33856790;Digital Innovation Playbook;Dark Horse Innovation;business
1950374;Anleitung zum Unglücklichsein;Paul Watzlawick;psychologie, ratgeber
1666891;Menschliche Kommunikation. Formen, Störungen, Paradoxien.;Paul Watzlawick;psychologie
168962;Crucial Confrontations;Kerry Patterson;ratgeber, business
2272880;The Drunkard's Walk;Leonard Mlodinow;wissenschaft
56866778;Why We Matter;Emilia Roig;gesellschaft, feminismus
52900178;Schnippeln für den Profit;Ian Harris;medizin
38728977;The Molecule of More;Daniel Z. Lieberman;psychologie, medizin
54860444;Wanting;Luke  Burgis;psychologie, philosophie
43799764;Der Würfel;Bijan Moini;scifi, roman
35133922;Educated;Tara Westover;biografie
20497612;Die Pilgerjahre des farblosen Herrn Tazaki;Haruki Murakami;roman
58515679;Die Anomalie;Hervé Le Tellier;roman, scifi
13642710;Nexus;Ramez Naam;scifi
9969571;Ready Player One;Ernest Cline;scifi
33369264;Blackout;Marc Elsberg;krimi
3948144;Extraleben;Constantin Gillies;roman
58976817;Wozu Rassismus?;Aladin El-Mafaalani;gesellschaft
30829425;Geschäftsmodelle entwickeln;Oliver Gassmann;business
23746955;Science and Pseudoscience in Social Work Practice;Bruce A. Thyer;gesellschaft, wissenschaft
55539565;Think Again;Adam M. Grant;psychologie, ratgeber
44033906;Das Ende der Evolution;Matthias Glaubrecht;natur
13255466;Jenseits von Natur und Kultur;Philippe Descola;anthropologie, philosophie
8890891;Craving Earth;Sera L. Young;medizin, anthropologie
58729545;How We Love;Clementine Ford;biografie, feminismus
39218350;Maid;Stephanie  Land;biografie, gesellschaft
169354;The Prize;Daniel Yergin;geschichte, wirtschaft
53128723;Radikalisierungsmaschinen;Julia Ebner;politik, ki
32889395;The Sum of Small Things;Elizabeth Currid-Halkett;gesellschaft, wirtschaft
5646489;Warum der Mensch spricht;Ruth Berger;anthropologie
36592529;Die Lagune;Armand Marie Leroi;wissenschaft, geschichte
21853776;Sklaven des Wachstums;Reiner Klingholz;wirtschaft, natur
4442255;Der Name des Windes;Patrick Rothfuss;fantasy
55338982;Cultish;Amanda Montell;anthropologie, psychologie
55754513;Identitti;Mithu M. Sanyal;roman
425208;The Algorithm Design Manual;Steven S. Skiena;ki
33804745;Das Tagebuch der Menschheit;Carel van Schaik;anthropologie, philosophie
389244;Fermats letzter Satz;Simon Singh;wissenschaft
6030172;Medical Research for Hire;Jill A. Fisher;medizin, wirtschaft
52780142;Get Out of Your Head;Jennie Allen;ratgeber
58145670;Courage Is Calling;Ryan Holiday;ratgeber, philosophie
54616040;The Constitution of Knowledge;Jonathan Rauch;philosophie, politik
386162;The Hitchhiker’s Guide to the Galaxy;Douglas Adams;scifi, humor
55723020;Dopamine Nation;Anna Lembke;medizin, psychologie
43695276;Das Volk der Bäume;Hanya Yanagihara;roman
18222843;Stuff Matters;Mark Miodownik;wissenschaft
33418;Parallel Worlds;Michio Kaku;wissenschaft
7247854;The Disappearing Spoon;Sam Kean;wissenschaft
53364355;Die lautlose Eroberung;Clive Hamilton;politik, welt
58828592;Der längste Krieg;Emran Feroz;politik, welt
53398908;Fundamentals;Frank Wilczek;wissenschaft
9744812;Flourish;Martin E.P. Seligman;psychologie, ratgeber
56517302;Undreamed Shores;Frances Larson;anthropologie, geschichte, feminismus
33671044;Alt-America;David Neiwert;politik
6667514;The Checklist Manifesto;Atul Gawande;medizin, business
50695788;Gute Ökonomie für harte Zeiten;Abhijit V. Banerjee;wirtschaft
29564774;Work Rules;Laszlo Bock;business
8320291;Der Kobra- Effekt. Wie man Irrwege der Wirtschaftspolitik vermeidet.;Horst Siebert;wirtschaft
42425349;Einstieg in die Führungsrolle;Helmut Hofbauer;business
225111;The Laws of Simplicity;John Maeda;sachbuch
3579753;Die gesellschaftliche Konstruktion der Wirklichkeit. Eine Theorie der Wissenssoziologie;Peter L. Berger;gesellschaft, philosophie
744235;Der Baum der Erkenntnis. Die biologischen Wurzeln des menschlichen Erkennens.;Humberto R. Maturana;philosophie, wissenschaft
31396262;Change Agent;Daniel Suarez;scifi, krimi
6665847;Daemon;Leinad Zeraus;scifi, krimi
18693884;How Not to Be Wrong;Jordan Ellenberg;wissenschaft
71984;Ghost Wars;Steve Coll;geschichte, politik, welt
224379;Gulag;Anne Applebaum;geschichte
13707734;The Swerve;Stephen Greenblatt;geschichte, philosophie
25241317;Black Flags;Joby Warrick;politik, welt, geschichte
40664707;The Undying;Anne Boyer;biografie, medizin
40180056;Genesis;Edward O. Wilson;anthropologie, wissenschaft
25622872;Half-Earth;Edward O. Wilson;natur
503051;The Diversity of Life (Questions of Science);Edward O. Wilson;natur, wissenschaft
62555;On Human Nature;Edward O. Wilson;anthropologie, wissenschaft
17292962;Was zu tun ist;Thomas L. Friedman;politik, wirtschaft, natur
35083743;Hillbilly-Elegie;J.D. Vance;biografie, gesellschaft
7108725;Start with Why;Simon Sinek;business
28257707;The Subtle Art of Not Giving a F*ck;Mark Manson;ratgeber
15700848;Der König aller Krankheiten;Siddhartha Mukherjee;medizin, geschichte
35192838;Herrschaft der Dinge;Frank Trentmann;geschichte, wirtschaft
10077512;Im Spiegel der Sprache;Guy Deutscher;anthropologie
16006427;Der Sinn des Gebens;Stefan Klein;psychologie
10898715;Von Alkohol bis Zucker;Christian Mähr;wissenschaft, geschichte
19487750;Knochen, Steine, Scherben;Sabine Ladstätter;geschichte
25086142;Die Intelligenz der Pflanzen;Stefano Mancuso;natur
38447004;Homo hapticus;Martin Grunwald;psychologie, medizin
52237927;Der Zufall, das Universum und du;Florian Aigner;wissenschaft
30423532;Twenty Lectures on Algorithmic Game Theory;Tim Roughgarden;ki, wissenschaft
38746485;Becoming;Michelle Obama;biografie, politik
15799151;Daily Rituals;Mason Currey;sachbuch, biografie
31688776;Sex;Christopher  Ryan;anthropologie, psychologie
31437272;Warum sind wir eigentlich noch nicht tot?;Idan Ben-Barak;medizin, wissenschaft
28686431;Dunkle Materie und Dinosaurier;Lisa Randall;wissenschaft
1827423;Mustererkennung;William Gibson;scifi, roman
3109;The Omnivore's Dilemma;Michael Pollan;natur
32145;Stiff;Mary Roach;wissenschaft, medizin
25489625;Between the World and Me;Ta-Nehisi Coates;gesellschaft, biografie
397483;The Devil in the White City;Erik Larson;geschichte
26156469;Never Split the Difference;Chris Voss;ratgeber, business
4799423;Ten Years Under the Earth;Norbert Casteret;welt, biografie
55320549;Das Experiment sind wir;Christian Stöcker;wissenschaft, ki
51205853;We Know It When We See It;Richard Masland;wissenschaft, psychologie
34367329;The New Localism;Bruce Katz;politik, gesellschaft
49020732;Krieg im 21. Jahrhundert;Jochen Hippler;politik
50483675;Die Geburt der Wissenschaft;Carlo Rovelli;wissenschaft, philosophie, geschichte
52776757;Die Sprachreiniger;Karl-Heinz Göttert;anthropologie, geschichte
48517597;Der größte Bestseller aller Zeiten (mit diesem Titel);Sanne Blauw;wissenschaft
55224244;Shape;Jordan Ellenberg;wissenschaft
55271512;Languages of Truth;Salman Rushdie;sachbuch
54716655;Kill It with Fire;Marianne Bellotti;ki
45894128;Friendship;Lydia Denworth;psychologie, anthropologie
34964837;The Happiness Curve;Jonathan Rauch;psychologie
55339408;Noise;Daniel Kahneman;psychologie
32318760;Ich hasse dieses Internet;Jarett Kobek;roman, ki
5597655;Life Between Buildings;Jan Gehl;gesellschaft
25949164;A Natural History of Human Morality;Michael Tomasello;anthropologie, philosophie
29343663;Gezeiten des Geistes;David Gelernter;psychologie, philosophie
24904941;Schubumkehr - Die Zukunft der Mobilität;Stephan Rammler;gesellschaft, natur
39967323;Info We Trust;RJ Andrews;sachbuch, wissenschaft
55277893;Press Reset;Jason Schreier;ki, business
57480009;Sie nannten es Arbeit;James Suzman;anthropologie, wirtschaft, geschichte
1134517;Das Amulett von Samarkand;Jonathan Stroud;fantasy, jugend
2457010;Die Reise zur Wunderinsel;Klaus Kordon;jugend
17290683;Love and Math;Edward Frenkel;wissenschaft, biografie
49814228;The Biggest Bluff;Maria Konnikova;psychologie, biografie
36391536;She Has Her Mother's Laugh;Carl Zimmer;wissenschaft
11709037;You Are Not So Smart;David McRaney;psychologie
10464673;Der Ego Tunnel. Eine neue Philosophie des Selbst;Thomas Metzinger;philosophie, psychologie
45445449;Exit;Helmut Ortner;philosophie
45181162;Schnelles Lesen, langsames Lesen;Maryanne Wolf;psychologie, ki
23274363;Letzte Hilfe;Uwe-Christian Arnold;medizin, philosophie
36854780;Extended Heredity;Russell Bonduriansky;wissenschaft
181885;Evolution;Carl Zimmer;wissenschaft
163529;At the Water's Edge;Carl Zimmer;wissenschaft, natur
23168483;The Most Good You Can Do;Peter Singer;philosophie
29380;Animal Liberation;Peter Singer;philosophie, natur
29377;The Way We Eat;Peter Singer;philosophie, natur
4722934;The Life You Can Save;Peter Singer;philosophie, wirtschaft
52275335;How to Avoid a Climate Disaster;Bill  Gates;natur
56645981;San Fransicko;Michael Shellenberger;politik, gesellschaft
50173134;Apocalypse Never;Michael Shellenberger;natur, politik
13636771;Kongo - Eine Geschichte;David Van Reybrouck;geschichte, welt
22825546;The Patient Will See You Now;Eric J. Topol;medizin, ki
45015706;You're Not Listening;Kate   Murphy;psychologie, ratgeber
54564213;How to Make the World Add Up;Tim Harford;wissenschaft
29482662;The Voices Within;Charles Fernyhough;psychologie
33931335;Bit by Bit;Matthew J. Salganik;gesellschaft, ki
54227475;Life's Edge;Carl Zimmer;wissenschaft
52770736;The Zoologist's Guide to the Galaxy;Arik Kershenbaum;wissenschaft, natur
52668915;Entangled Life;Merlin Sheldrake;natur
37486540;Dopesick;Beth Macy;medizin, gesellschaft
2003836;Reise um die Welt;Georg Forster;welt, geschichte, klassiker
493371;The Bottom Billion;Paul Collier;wirtschaft, welt
9854;The End of Poverty;Jeffrey D. Sachs;wirtschaft, welt
10245602;Poor Economics;Abhijit V. Banerjee;wirtschaft
23430005;Wohlstand für viele;Jeffrey D. Sachs;wirtschaft, natur
43889856;Die offene Gesellschaft;Stefan Brunnhuber;politik, wirtschaft
9464139;Die Hälfte des Himmels;Nicholas D. Kristof;feminismus, welt
52251584;Im Grunde gut. Eine neue Geschichte der Menschheit;Rutger Bregman;anthropologie, psychologie, geschichte
52462779;Die Mühlen der Zivilisation;James C. Scott;geschichte, anthropologie
70420;The Undercover Economist;Tim Harford;wirtschaft
42118857;Origins;Lewis Dartnell;geschichte, wissenschaft
34507561;The Panama Papers;Frederik Obermaier;wirtschaft, politik
42095167;Die Evolution der Sprache;Guy Deutscher;anthropologie
27225827;21.0;Andreas Rödder;geschichte, politik
53453723;Eine Gesellschaft in Unfreiheit;Marcel Grzanna;welt, politik
40915762;Deep Medicine;Eric J. Topol;medizin, ki
43797649;Warum ich nicht länger mit Weißen über Hautfarbe spreche;Reni Eddo-Lodge;gesellschaft
46223297;Permanent Record;Edward Snowden;biografie, ki, politik
31170723;Behave;Robert M. Sapolsky;psychologie, wissenschaft
9491855;Why the West Rules—for Now;Ian Morris;geschichte
18007564;The Martian;Andy Weir;scifi
43726517;Hello World;Hannah Fry;ki
45358662;The Evolution of Knowledge;Jürgen Renn;wissenschaft, geschichte
21878115;Upriver;Michael F. Brown;anthropologie
36125834;Die Anfänge von allem (German Edition);Jürgen Kaube;anthropologie, geschichte
40696923;Blueprint;Nicholas A. Christakis;anthropologie, psychologie
52665268;Die Zähmung des Menschen;Richard W. Wrangham;anthropologie
44084557;Die Reise unserer Gene;Johannes Krause;anthropologie, geschichte
16043523;Probably Approximately Correct;Leslie Valiant;ki, wissenschaft
51737055;Acht Tage im Mai;Volker Ullrich;geschichte
53847362;Breath from Salt;Bijal P. Trivedi;medizin
36236112;DNA Is Not Destiny;Steven J. Heine;wissenschaft, psychologie
6828896;Delivering Happiness;Tony Hsieh;business
29939161;Radical Candor;Kim Malone Scott;business
27220736;Shoe Dog;Phil Knight;biografie, business
6452796;Drive;Daniel H. Pink;psychologie, business
6747071;Epigenetik. Wie Erfahrungen vererbt werden;Bernhard Kegel;wissenschaft
36522181;Blowfish's Oceanopedia;Tom Hird;natur
36211662;Im Namen der Flagge;Tim  Marshall;politik
66354;Flow;Mihály Csíkszentmihályi;psychologie
51043098;Die Idee der Gerechtigkeit;Amartya Sen;philosophie, politik
30038969;Systematic;James R. Valcourt;medizin, wissenschaft
8913542;23 Things They Don't Tell You About Capitalism;Ha-Joon Chang;wirtschaft
51781304;The Language Lover’s Puzzle Book;Alex Bellos;anthropologie
7804685;Why Doesn't Microfinance Work?;Milford Bateman;wirtschaft, welt
41882450;The Fate of Food;Amanda Little;natur
44573628;Super Pumped;Mike Isaac;business, ki
40597264;Hacking Darwin;Jamie Metzl;wissenschaft, medizin
41817481;Underland;Robert Macfarlane;natur, welt
40180060;Mama's Last Hug;Frans de Waal;natur, psychologie
37570546;Maybe You Should Talk to Someone;Lori Gottlieb;psychologie, biografie
52905471;Why We Swim;Bonnie Tsui;sachbuch
51079278;The Next Great Migration;Sonia Shah;natur, gesellschaft
50772888;No Filter;Sarah Frier;business, ki
52117860;The Future We Choose;Christiana Figueres;natur
46064076;Buy Yourself the F*cking Lilies;Tara Schuster;ratgeber
52686687;Don't Overthink It;Anne Bogel;ratgeber
1032019;Bad Samaritans;Ha-Joon Chang;wirtschaft
19211473;Die größte Erfindung der Menschheit;Daniel L. Everett;anthropologie
3730120;In the Land of Invented Languages;Arika Okrent;anthropologie
197921;Grooming, Gossip, and the Evolution of Language;Robin Dunbar;anthropologie
40102;Blink;Malcolm Gladwell;psychologie
6216330;Fire;Frances D. Burton;anthropologie
25576210;Sprachen der Welt;Dieter Wunderlich;anthropologie
8062725;Das glücklichste Volk;Daniel L. Everett;anthropologie
40951961;Der Horror der frühen Medizin;Lindsey Fitzharris;medizin, geschichte
54835016;I'm a Nurse;Franziska Böhler;medizin, biografie
1094976;Die kürzeste Geschichte der Zeit;Stephen W. Hawking;wissenschaft
17986418;Naked Statistics;Charles Wheelan;wissenschaft
3272165;Bad Science;Ben Goldacre;wissenschaft, medizin
6013304;Think Limbic!;Hans-Georg Häusel;business, psychologie
6478768;When China Rules the World;Martin Jacques;politik, welt
20958539;Unlimited Memory;Kevin Horsley;ratgeber
12933643;Race, Monogamy, and Other Lies They Told You;Agustín Fuentes;anthropologie
242472;The Black Swan;Nassim Nicholas Taleb;wissenschaft, wirtschaft
676586;Why Most Things Fail;Paul Ormerod;wirtschaft, wissenschaft
472609;Critical Mass;Philip Ball;wissenschaft, gesellschaft
267164;Ubiquity;Mark   Buchanan;wissenschaft
36220685;Chesapeake Requiem;Earl Swift;natur, welt
36739330;Spying on Whales;Nick Pyenson;natur
39345591;Eager;Ben  Goldfarb;natur
30257963;12 Rules for Life;Jordan B. Peterson;ratgeber, psychologie
25814544;Sprint;Jake Knapp;business
25658482;At the Existentialist Café;Sarah Bakewell;philosophie, biografie
39074550;Humble Pi;Matt    Parker;wissenschaft
15795155;Bad Pharma;Ben Goldacre;medizin
43582376;The Body;Bill  Bryson;medizin, wissenschaft
21;A Short History of Nearly Everything;Bill  Bryson;wissenschaft
6604712;Eating Animals;Jonathan Safran Foer;natur, philosophie
51919440;Die Macht des Schlechten;John Tierney;psychologie
13547241;Unorthodox;Deborah Feldman;biografie
30762016;Raumpatrouille;Matthias Brandt;roman
20613671;Economics;Ha-Joon Chang;wirtschaft
29342515;The Coaching Habit;Michael Bungay Stanier;business
18176747;The Hard Thing About Hard Things;Ben Horowitz;business
1202;Freakonomics;Steven D. Levitt;wirtschaft
31670196;Scale;Geoffrey B. West;wissenschaft
13211555;Human Transit;Jarrett Walker;gesellschaft
42771901;How to Do Nothing;Jenny Odell;gesellschaft, ki
41104077;Invisible Women;Caroline Criado Pérez;feminismus
32920234;Significant Zero;Walt    Williams;ki, biografie
34274962;Insane Mode;Hamish  McKenzie;business, ki
3256392;Kulturgeschichte der Neuzeit;Egon Friedell;geschichte
36425682;Wir sind Gedächtnis;Martin Korte;psychologie
35623215;Das deutsche Krokodil;Ijoma Mangold;biografie
31790529;Helix – Sie werden uns ersetzen;Marc Elsberg;krimi, scifi
8520610;Quiet;Susan Cain;psychologie
44428950;That Will Never Work;Marc Randolph;business, biografie
38729803;Der neue Klassenkampf;Slavoj Žižek;politik, gesellschaft
38525406;The Human Swarm;Mark W. Moffett;anthropologie
13131582;Blindspot;Mahzarin R. Banaji;psychologie
11104933;Willpower;Roy F. Baumeister;psychologie, ratgeber
27209431;The Inevitable;Kevin Kelly;ki
22320454;The Moral Arc;Michael Shermer;philosophie, wissenschaft
44595007;Indistractable;Nir   Eyal;ratgeber
22668729;Hooked;Nir   Eyal;business, ki
39286958;Measure What Matters;John Doerr;business
567610;How to Read a Book;Mortimer J. Adler;ratgeber
31706504;Barking Up the Wrong Tree;Eric Barker;ratgeber
44770129;Ultralearning;Scott H. Young;ratgeber
43848929;Talking to Strangers;Malcolm Gladwell;psychologie, gesellschaft
27213329;Grit;Angela Duckworth;psychologie, ratgeber
12609433;The Power of Habit;Charles Duhigg;psychologie, ratgeber
475;Collapse;Jared Diamond;geschichte, natur
393574;Groupthink;Irving L. Janis;psychologie, politik
10302;The March of Folly;Barbara W. Tuchman;geschichte, politik
52156280;Das Ende des Alterns;David A. Sinclair;medizin
42105091;Utopien für Realisten;Rutger Bregman;wirtschaft, politik
53042301;Tausend Zeilen Lüge;Juan Moreno;gesellschaft
22514020;NeuroTribes;Steve Silberman;medizin, geschichte
41716904;Upheaval;Jared Diamond;geschichte, politik
15766601;The World Until Yesterday;Jared Diamond;anthropologie
49234;The Third Chimpanzee;Jared Diamond;anthropologie
1991;Why Is Sex Fun? The Evolution of Human Sexuality (Science Masters);Jared Diamond;anthropologie
1842;Guns, Germs, and Steel;Jared Diamond;geschichte, anthropologie
36595101;Fire and Fury;Michael  Wolff;politik
38315;Fooled by Randomness;Nassim Nicholas Taleb;wissenschaft, wirtschaft
113934;The Goal;Eliyahu M. Goldratt;business
34507927;How to Take Smart Notes;Sönke Ahrens;ratgeber
61535;The Selfish Gene;Richard Dawkins;wissenschaft
44245196;The Great Mental Models;Shane Parrish;ratgeber, psychologie
36373616;Energy;Richard Rhodes;geschichte, wissenschaft
8034188;Where Good Ideas Come From;Steven Johnson;wissenschaft, business
52032133;Facebook;Steven Levy;ki, business
23995360;Superforecasting;Philip E. Tetlock;psychologie
26530355;Misbehaving;Richard H. Thaler;wirtschaft, psychologie
10639;The Paradox of Choice;Barry Schwartz;psychologie
944954;Choosing the Right Pond;Robert H. Frank;wirtschaft, psychologie
34376766;Blood, Sweat, and Pixels;Jason Schreier;ki, business
3228917;Outliers;Malcolm Gladwell;psychologie, gesellschaft
43999120;Rebooting AI;Gary F. Marcus;ki
37976541;Bad Blood;John Carreyrou;business, medizin
49345301;Ein Algorithmus hat kein Taktgefühl;Katharina Zweig;ki
44010888;Digitale Gefolgschaft;Christoph Türcke;ki, gesellschaft
45699841;Digitale Ethik;Sarah Spiekermann;ki, philosophie
35820393;Never Lost Again;Bill Kilday;ki, business
1005549;How to Lie with Maps;Mark Monmonier;sachbuch, wissenschaft
44445973;Das neue Wir;Jan Plamper;gesellschaft, geschichte
45322884;Was weiße Menschen nicht über Rassismus hören wollen aber wissen sollten;Alice Hasters;gesellschaft
29780253;Born a Crime;Trevor Noah;biografie
1105956;Gomorrah;Roberto Saviano;welt, gesellschaft
17802919;If Mayors Ruled the World;Benjamin R. Barber;politik, gesellschaft
9667195;Weg zum Reichtum;Susan Levermann;wirtschaft, ratgeber
23500254;The Power of Vulnerability;Brené Brown;ratgeber, psychologie
30272030;Ethics in the Real World;Peter Singer;philosophie
23398748;Doing Good Better;William MacAskill;philosophie
45733311;You Are Awesome;Neil Pasricha;ratgeber
3450744;Nudge;Richard H. Thaler;wirtschaft, psychologie
15726731;Denken hilft zwar, nützt aber nichts;Dan Ariely;psychologie, wirtschaft
24113;Gödel, Escher, Bach;Douglas R. Hofstadter;wissenschaft, philosophie, ki
31443020;Mathematische Detektivgeschichten;Ian Stewart;wissenschaft
10437059;Die Mutter des Erfolgs - Wie ich meinen Kindern das Siegen beibrachte;Amy  Chua;biografie
125819;How We Know What Isn't So;Thomas Gilovich;psychologie
11324722;The Righteous Mind;Jonathan Haidt;psychologie, politik
41740550;Die Glückshypothese;Jonathan Haidt;psychologie, philosophie
12743473;The Storytelling Animal;Jonathan Gottschall;anthropologie, psychologie
7713721;Ich habe recht, auch wenn ich mich irre;Carol Tavris;psychologie
35422618;Gewalt;Steven Pinker;geschichte, psychologie
3425268;Das Unbeschriebene Blatt;Steven Pinker;psychologie, wissenschaft
21947092;Der Stoff, aus dem das Denken ist;Steven Pinker;anthropologie, psychologie
3425267;Wie das Denken im Kopf entsteht.;Steven Pinker;psychologie
19026282;Die halbe Wahrheit ist die beste Lüge;Dan Ariely;psychologie
45186358;Wer denken will, muss fühlen;Dan Ariely;psychologie
34890015;Factfulness;Hans Rosling;gesellschaft, wissenschaft
28272880;Die Macht der Geographie;Tim  Marshall;politik, welt
35454;The Dharma of Star Wars;Matthew Bortolin;philosophie
31882;The Matrix and Philosophy;William Irwin;philosophie
23995249;The Invention of Nature;Andrea Wulf;biografie, wissenschaft, natur
41795733;Range;David   Epstein;psychologie, ratgeber
43885852;Am I Overthinking This?;Michelle Rial;humor, sachbuch
44078199;Wolfszeit;Harald Jähner;geschichte
36300656;Dark Horse;Todd Rose;ratgeber
25387895;The Confidence Game;Maria Konnikova;psychologie
42079139;The Weather Machine;Andrew  Blum;wissenschaft
36204378;The Book of Why;Judea Pearl;wissenschaft, ki
41754728;Digitaler Humanismus;Julian Nida-Rümelin;ki, philosophie
6899290;Your Brain at Work;David Rock;ratgeber, psychologie
18245889;Resilienz;Christina Berndt;psychologie, ratgeber
2601510;Crowdsourcing;Jeff   Howe;ki, business
38604055;Künstliche Intelligenz;Manuela Lenzen;ki
20758057;Empire of Cotton;Sven Beckert;geschichte, wirtschaft
22749723;Who Gets What ― and Why;Alvin E. Roth;wirtschaft
2776527;Traffic;Tom Vanderbilt;psychologie, gesellschaft
35412097;When;Daniel H. Pink;psychologie, ratgeber
37752621;How to Invent Everything;Ryan North;wissenschaft, geschichte
40796173;Sprawlball;Kirk Goldsberry;sachbuch
28820444;The Elephant in the Brain;Kevin Simler;psychologie
13521382;The Violinist's Thumb;Sam Kean;wissenschaft
43331875;The Intelligence Trap;David   Robson;psychologie
18903326;Nach zwei Tagen Regen folgt Montag;Axel Bojanowski;wissenschaft
41155465;It's Not About the Burqa;Mariam Khan;feminismus
37860033;The Demon in the Machine;Paul C.W. Davies;wissenschaft
44290122;The Human Network;Matthew O. Jackson;gesellschaft, wissenschaft
34971859;It's Alive!;Toby Walsh;ki
34757555;Konzentriert arbeiten;Cal Newport;ratgeber
27189879;Mapping the Heavens;Priyamvada Natarajan;wissenschaft
27578;Not Even Wrong;Peter Woit;wissenschaft
41026900;Das hässliche Universum;Sabine Hossenfelder;wissenschaft
36347363;Android Dreams;Toby Walsh;ki
154293;Linked;Albert-László Barabási;wissenschaft
36406584;Das Digital;Thomas Ramge;ki, wirtschaft
39778359;Die Daten, die ich rief;Katharina Nocun;ki
36204285;Origin Story;David Christian;geschichte, wissenschaft
109060;Sophiechen und der Riese;Roald Dahl;jugend
2932;Robinson Crusoe;Daniel Defoe;klassiker
36507099;Skin in the Game;Nassim Nicholas Taleb;philosophie, wirtschaft
35696171;Enlightenment Now;Steven Pinker;philosophie, geschichte
68146;The Swarm;Frank Schätzing;scifi, krimi
34234544;Sowjetistan;Erika Fatland;welt
29359778;Politisches Framing;Elisabeth Wehling;politik, anthropologie
1168494;Lautlos;Frank Schätzing;krimi
6744233;Limit;Frank Schätzing;scifi, krimi
40940205;Tribe;Sebastian Junger;anthropologie, psychologie
15779795;Der Wert des Privaten;Beate Rössler;philosophie, ki
18465585;Dragnet Nation;Julia Angwin;ki
39979207;Angela Merkel ist Hitlers Tochter. Im Land der Verschwörungstheorien;Christian   Alt;politik
38647570;Enjoy Our Universe;Alvaro de Rujula;wissenschaft
34817476;Beißreflexe;Patsy l'Amour laLove;feminismus, politik
13420189;Das wilde Netzwerk. Ein ethnologischer Blick auf Facebook.;Daniel Miller;anthropologie, ki
15802693;Who Owns the Future?;Jaron Lanier;ki, wirtschaft
37830765;Ten Arguments for Deleting Your Social Media Accounts Right Now;Jaron Lanier;ki
38820046;21 Lessons for the 21st Century;Yuval Noah Harari;politik, geschichte
19395553;Our Mathematical Universe;Max Tegmark;wissenschaft
16054490;Neukölln ist überall;Heinz Buschkowsky;gesellschaft, politik
39303618;Mensch und Maschine;Thomas Ramge;ki
18736925;Capital in the Twenty First Century;Thomas Piketty;wirtschaft
15759570;Heile Welten;Astrid Geisler;politik, gesellschaft
23365810;The Marshmallow Test;Walter Mischel;psychologie
2945144;Der Himmel ist blau, die Erde ist weiß;Hiromi Kawakami;roman
10143;Gefährliche Geliebte;Haruki Murakami;roman
29611402;Man Up;Jack Urwin;feminismus
30191165;Die neuen Wilden;Fred Pearce;natur
2156832;Die Welt ohne uns;Alan Weisman;natur
28186015;Weapons of Math Destruction;Cathy O'Neil;ki, gesellschaft
25663961;How Not to Die;Michael Greger;medizin
12158480;Why Nations Fail;Daron Acemoğlu;wirtschaft, politik, geschichte
31138556;Homo Deus;Yuval Noah Harari;geschichte, ki
11468377;Thinking, Fast and Slow;Daniel Kahneman;psychologie
23692271;Sapiens;Yuval Noah Harari;geschichte, anthropologie
300573;Der Zahlenteufel;Hans Magnus Enzensberger;jugend, wissenschaft
3353708;Felix und das liebe Geld;Nikolaus Piper;jugend, wirtschaft
23364873;Die andere Gesellschaft;Heinz Buschkowsky;gesellschaft, politik
21413662;What If?;Randall Munroe;wissenschaft, humor
63697;The Man Who Mistook His Wife for a Hat and Other Clinical Tales;Oliver Sacks;medizin, psychologie
